Economic Statistics Office Hours,1/22/23 04:15pm,1/22/23 05:30pm
Economic Statistics Office Hours,1/29/23 04:15pm,1/29/23 05:30pm
Economic Statistics Office Hours,2/5/23 04:15pm,2/5/23 05:30pm
Economic Statistics Office Hours,2/12/23 04:15pm,2/12/23 05:30pm
Economic Statistics Office Hours,2/19/23 04:15pm,2/19/23 05:30pm
Economic Statistics Office Hours,2/26/23 04:15pm,2/26/23 05:30pm
Economic Statistics Office Hours,3/5/23 04:15pm,3/5/23 05:30pm
Economic Statistics Office Hours,3/12/23 04:15pm,3/12/23 05:30pm
Economic Statistics Office Hours,3/19/23 04:15pm,3/19/23 05:30pm
Economic Statistics Office Hours,3/26/23 04:15pm,3/26/23 05:30pm
Economic Statistics Office Hours,4/2/23 04:15pm,4/2/23 05:30pm
Economic Statistics Office Hours,4/9/23 04:15pm,4/9/23 05:30pm
Economic Statistics Office Hours,4/16/23 04:15pm,4/16/23 05:30pm
Economic Statistics Office Hours,4/23/23 04:15pm,4/23/23 05:30pm
Economic Statistics Office Hours,4/30/23 04:15pm,4/30/23 05:30pm
Economic Statistics Office Hours,5/7/23 04:15pm,5/7/23 05:30pm
Economic Statistics Mentor Sessions,1/23/23 04:00pm,1/23/23 05:30pm
Economic Statistics Mentor Sessions,1/30/23 04:00pm,1/30/23 05:30pm
Economic Statistics Mentor Sessions,2/6/23 04:00pm,2/6/23 05:30pm
Economic Statistics Mentor Sessions,2/13/23 04:00pm,2/13/23 05:30pm
Economic Statistics Mentor Sessions,2/20/23 04:00pm,2/20/23 05:30pm
Economic Statistics Mentor Sessions,2/27/23 04:00pm,2/27/23 05:30pm
Economic Statistics Mentor Sessions,3/6/23 04:00pm,3/6/23 05:30pm
Economic Statistics Mentor Sessions,3/13/23 04:00pm,3/13/23 05:30pm
Economic Statistics Mentor Sessions,3/20/23 04:00pm,3/20/23 05:30pm
Economic Statistics Mentor Sessions,3/27/23 04:00pm,3/27/23 05:30pm
Economic Statistics Mentor Sessions,4/3/23 04:00pm,4/3/23 05:30pm
Economic Statistics Mentor Sessions,4/10/23 04:00pm,4/10/23 05:30pm
Economic Statistics Mentor Sessions,4/17/23 04:00pm,4/17/23 05:30pm
Economic Statistics Mentor Sessions,4/24/23 04:00pm,4/24/23 05:30pm
Economic Statistics Mentor Sessions,5/1/23 04:00pm,5/1/23 05:30pm
Economic Statistics Mentor Sessions,5/8/23 04:00pm,5/8/23 05:30pm
